Comparison,n01,n10,Chi2,p_value,Significant (p<0.05)
LR + TF-IDF (tuned) vs LR + TF-IDF (baseline),6,8,0.07142857142857142,0.7892680261342813,False
LR + TF-IDF (tuned) vs Decision Tree (tuned),60,94,7.071428571428571,0.007832278223804168,True
LR + TF-IDF (tuned) vs Random Forest (tuned),43,52,0.6736842105263158,0.4117700649021424,False
LR + TF-IDF (tuned) vs GBDT (tuned),67,47,3.1666666666666665,0.07515568862181454,False
LR + TF-IDF (tuned) vs XGBoost (tuned),52,121,26.728323699421967,2.3416382222141152e-07,True
LR + TF-IDF (tuned) vs LightGBM (tuned),55,55,0.00909090909090909,0.924039800681422,False
